{
  "endpoints": {
    "GET /compute/{id}": {
      "endpoint_key": "GET /compute/{id}",
      "value_distributions": [
        {
          "field_path": "error",
          "value_counts": {
            "oops": 1
          },
          "numeric_percentiles": {},
          "is_categorical": true,
          "entropy": 0.0
        },
        {
          "field_path": "id",
          "value_counts": {
            "2": 1,
            "3": 1,
            "4": 1,
            "5": 1,
            "6": 1,
            "7": 1,
            "8": 1,
            "9": 1,
            "10": 1,
            "11": 1,
            "12": 1,
            "13": 1,
            "14": 1,
            "15": 1,
            "16": 1,
            "17": 1,
            "18": 1,
            "19": 1,
            "20": 1,
            "21": 1,
            "22": 1,
            "23": 1,
            "24": 1,
            "25": 1,
            "26": 1,
            "27": 1,
            "28": 1,
            "29": 1,
            "30": 1
          },
          "numeric_percentiles": {
            "10": 4.800000000000001,
            "25": 9.0,
            "50": 16.0,
            "75": 23.0,
            "90": 27.2,
            "99": 29.72
          },
          "is_categorical": false,
          "entropy": 4.857980995127571
        },
        {
          "field_path": "result",
          "value_counts": {
            "4": 1,
            "6": 1,
            "8": 1,
            "10": 1,
            "12": 1,
            "14": 1,
            "16": 1,
            "18": 1,
            "20": 1,
            "22": 1,
            "24": 1,
            "26": 1,
            "28": 1,
            "30": 1,
            "32": 1,
            "34": 1,
            "36": 1,
            "38": 1,
            "40": 1,
            "42": 1,
            "44": 1,
            "46": 1,
            "48": 1,
            "50": 1,
            "52": 1,
            "54": 1,
            "56": 1,
            "58": 1,
            "60": 1
          },
          "numeric_percentiles": {
            "10": 9.600000000000001,
            "25": 18.0,
            "50": 32.0,
            "75": 46.0,
            "90": 54.4,
            "99": 59.44
          },
          "is_categorical": false,
          "entropy": 4.857980995127571
        }
      ],
      "co_occurrences": [],
      "idempotency": {
        "endpoint_key": "GET /compute/{id}",
        "sample_size": 0,
        "is_idempotent": false,
        "variance_rate": 0.0,
        "unknown": true
      },
      "latency_p50": 30.0,
      "latency_p99": 30.0,
      "error_rate": 0.03333333333333333,
      "status_codes": [
        200,
        500
      ]
    }
  },
  "schema_hash": "11e2bec0c6a662a9",
  "created_at": "2026-03-28T23:59:15.809414+00:00"
}